<?xml version="1.0" encoding="UTF-8"?>
<GenRun Id="dist_mem_sin_256x8bit_synth_1" LaunchPart="xcku115-flva1517-2-i" LaunchTime="1701689186">
  <File Type="PA-TCL" Name="dist_mem_sin_256x8bit.tcl"/>
  <File Type="REPORTS-TCL" Name="dist_mem_sin_256x8bit_reports.tcl"/>
  <File Type="RDS-RDS" Name="dist_mem_sin_256x8bit.vds"/>
  <File Type="RDS-UTIL" Name="dist_mem_sin_256x8bit_utilization_synth.rpt"/>
  <File Type="RDS-UTIL-PB" Name="dist_mem_sin_256x8bit_utilization_synth.pb"/>
  <File Type="RDS-DCP" Name="dist_mem_sin_256x8bit.dcp"/>
  <FileSet Name="sources" Type="BlockSrcs" RelSrcDir="$PSRCDIR/dist_mem_sin_256x8bit">
    <File Path="$PSRCDIR/sources_1/ip/dist_mem_sin_256x8bit/dist_mem_sin_256x8bit.xci">
      <FileInfo>
        <Attr Name="UsedIn" Val="synthesis"/>
        <Attr Name="UsedIn" Val="implementation"/>
        <Attr Name="UsedIn" Val="simulation"/>
      </FileInfo>
    </File>
    <Config>
      <Option Name="TopModule" Val="dist_mem_sin_256x8bit"/>
      <Option Name="UseBlackboxStub" Val="1"/>
    </Config>
  </FileSet>
  <FileSet Name="constrs_in" Type="BlockSrcs" RelSrcDir="$PSRCDIR/dist_mem_sin_256x8bit">
    <File Path="$PSRCDIR/sources_1/ip/dist_mem_sin_256x8bit/dist_mem_sin_256x8bit.xci">
      <FileInfo>
        <Attr Name="UsedIn" Val="synthesis"/>
        <Attr Name="UsedIn" Val="implementation"/>
        <Attr Name="UsedIn" Val="simulation"/>
      </FileInfo>
    </File>
    <Config>
      <Option Name="TopModule" Val="dist_mem_sin_256x8bit"/>
      <Option Name="UseBlackboxStub" Val="1"/>
    </Config>
  </FileSet>
  <FileSet Name="utils" Type="Utils" RelSrcDir="$PSRCDIR/utils_1">
    <Filter Type="Utils"/>
    <Config>
      <Option Name="TopAutoSet" Val="TRUE"/>
    </Config>
  </FileSet>
  <Strategy Version="1" Minor="2">
    <StratHandle Name="Vivado Synthesis Defaults" Flow="Vivado Synthesis 2019"/>
    <Step Id="synth_design"/>
  </Strategy>
</GenRun>
